name,district,province
Biescas,Alto Gállego,Huesca
Caldearenas,Alto Gállego,Huesca
Hoz de Jaca,Alto Gállego,Huesca
Panticosa,Alto Gállego,Huesca
Sabiñánigo,Alto Gállego,Huesca
Sallent de Gállego,Alto Gállego,Huesca
Yebra de Basa,Alto Gállego,Huesca
Yésero,Alto Gállego,Huesca
Ballobar,Bajo Cinca / Baix Cinca,Huesca
Belver de Cinca,Bajo Cinca / Baix Cinca,Huesca
Candasnos,Bajo Cinca / Baix Cinca,Huesca
Chalamera,Bajo Cinca / Baix Cinca,Huesca
Fraga,Bajo Cinca / Baix Cinca,Huesca
Mequinenza,Bajo Cinca / Baix Cinca,Zaragoza
Ontiñena,Bajo Cinca / Baix Cinca,Huesca
Osso de Cinca,Bajo Cinca / Baix Cinca,Huesca
Torrente de Cinca,Bajo Cinca / Baix Cinca,Huesca
Velilla de Cinca,Bajo Cinca / Baix Cinca,Huesca
Zaidín,Bajo Cinca / Baix Cinca,Huesca
Albalate de Cinca,Cinca Medio,Huesca
Alcolea de Cinca,Cinca Medio,Huesca
Alfántega,Cinca Medio,Huesca
Almunia de San Juan,Cinca Medio,Huesca
Binaced,Cinca Medio,Huesca
Fonz,Cinca Medio,Huesca
Monzón,Cinca Medio,Huesca
Pueyo de Santa Cruz,Cinca Medio,Huesca
San Miguel del Cinca,Cinca Medio,Huesca
Agüero,Hoya de Huesca / Plana de Uesca,Huesca
Albero Alto,Hoya de Huesca / Plana de Uesca,Huesca
Alcalá de Gurrea,Hoya de Huesca / Plana de Uesca,Huesca
Alcalá del Obispo,Hoya de Huesca / Plana de Uesca,Huesca
Alerre,Hoya de Huesca / Plana de Uesca,Huesca
Almudévar,Hoya de Huesca / Plana de Uesca,Huesca
Angüés,Hoya de Huesca / Plana de Uesca,Huesca
Antillón,Hoya de Huesca / Plana de Uesca,Huesca
Argavieso,Hoya de Huesca / Plana de Uesca,Huesca
Arguis,Hoya de Huesca / Plana de Uesca,Huesca
Ayerbe,Hoya de Huesca / Plana de Uesca,Huesca
Banastás,Hoya de Huesca / Plana de Uesca,Huesca
Biscarrués,Hoya de Huesca / Plana de Uesca,Huesca
Blecua y Torres,Hoya de Huesca / Plana de Uesca,Huesca
Casbas de Huesca,Hoya de Huesca / Plana de Uesca,Huesca
Chimillas,Hoya de Huesca / Plana de Uesca,Huesca
Gurrea de Gállego,Hoya de Huesca / Plana de Uesca,Huesca
Huesca,Hoya de Huesca / Plana de Uesca,Huesca
Ibieca,Hoya de Huesca / Plana de Uesca,Huesca
Igriés,Hoya de Huesca / Plana de Uesca,Huesca
Loarre,Hoya de Huesca / Plana de Uesca,Huesca
Loporzano,Hoya de Huesca / Plana de Uesca,Huesca
Loscorrales,Hoya de Huesca / Plana de Uesca,Huesca
Lupiñén-Ortilla,Hoya de Huesca / Plana de Uesca,Huesca
Monflorite-Lascasas,Hoya de Huesca / Plana de Uesca,Huesca
Murillo de Gállego,Hoya de Huesca / Plana de Uesca,Zaragoza
Novales,Hoya de Huesca / Plana de Uesca,Huesca
Nueno,Hoya de Huesca / Plana de Uesca,Huesca
Pertusa,Hoya de Huesca / Plana de Uesca,Huesca
Las Peñas de Riglos,Hoya de Huesca / Plana de Uesca,Huesca
Piracés,Hoya de Huesca / Plana de Uesca,Huesca
Quicena,Hoya de Huesca / Plana de Uesca,Huesca
Salillas,Hoya de Huesca / Plana de Uesca,Huesca
Santa Eulalia de Gállego,Hoya de Huesca / Plana de Uesca,Zaragoza
Sesa,Hoya de Huesca / Plana de Uesca,Huesca
Siétamo,Hoya de Huesca / Plana de Uesca,Huesca
La Sotonera,Hoya de Huesca / Plana de Uesca,Huesca
Tierz,Hoya de Huesca / Plana de Uesca,Huesca
Tramaced,Hoya de Huesca / Plana de Uesca,Huesca
Vicién,Hoya de Huesca / Plana de Uesca,Huesca
Ansó,La Jacetania,Huesca
Aragüés del Puerto,La Jacetania,Huesca
Artieda,La Jacetania,Zaragoza
Aísa,La Jacetania,
Bailo,La Jacetania,Huesca
Borau,La Jacetania,Huesca
Canal de Berdún,La Jacetania,Huesca
Canfranc,La Jacetania,Huesca
Castiello de Jaca,La Jacetania,Huesca
Fago,La Jacetania,Huesca
Jaca,La Jacetania,Huesca
Jasa,La Jacetania,Huesca
Mianos,La Jacetania,Zaragoza
Puente la Reina de Jaca,La Jacetania,Huesca
Salvatierra de Esca,La Jacetania,Zaragoza
Santa Cilia,La Jacetania,Huesca
Santa Cruz de la Serós,La Jacetania,Huesca
Sigüés,La Jacetania,Zaragoza
Valle de Hecho,La Jacetania,Huesca
Villanúa,La Jacetania,Huesca
Albelda,La Litera / La Llitera,Huesca
Alcampell,La Litera / La Llitera,Huesca
Altorricón,La Litera / La Llitera,Huesca
Azanuy-Alins,La Litera / La Llitera,Huesca
Baells,La Litera / La Llitera,
Baldellou,La Litera / La Llitera,Huesca
Binéfar,La Litera / La Llitera,Huesca
Camporrells,La Litera / La Llitera,
Castillonroy,La Litera / La Llitera,Huesca
Esplús,La Litera / La Llitera,Huesca
Peralta de Calasanz,La Litera / La Llitera,Huesca
San Esteban de Litera,La Litera / La Llitera,Huesca
Tamarite de Litera,La Litera / La Llitera,Huesca
Vencillón,La Litera / La Llitera,Huesca
Arén,La Ribagorza,Huesca
Benabarre,La Ribagorza,Huesca
Benasque,La Ribagorza,Huesca
Bisaurri,La Ribagorza,Huesca
Bonansa,La Ribagorza,Huesca
Campo,La Ribagorza,Huesca
Capella,La Ribagorza,Huesca
Castejón de Sos,La Ribagorza,Huesca
Castigaleu,La Ribagorza,Huesca
Chía,La Ribagorza,Huesca
Estopiñán del Castillo,La Ribagorza,Huesca
Foradada del Toscar,La Ribagorza,Huesca
Graus,La Ribagorza,Huesca
Isábena,La Ribagorza,Huesca
Lascuarre,La Ribagorza,Huesca
Laspaúles,La Ribagorza,Huesca
Monesma y Cajigar,La Ribagorza,Huesca
Montanuy,La Ribagorza,Huesca
Perarrúa,La Ribagorza,Huesca
La Puebla de Castro,La Ribagorza,Huesca
Puente de Montañana,La Ribagorza,Huesca
Sahún,La Ribagorza,Huesca
Santaliestra y San Quílez,La Ribagorza,Huesca
Secastilla,La Ribagorza,Huesca
Seira,La Ribagorza,Huesca
Sesué,La Ribagorza,Huesca
Sopeira,La Ribagorza,Huesca
Tolva,La Ribagorza,Huesca
Torre la Ribera,La Ribagorza,Huesca
Valle de Bardají,La Ribagorza,Huesca
Valle de Lierp,La Ribagorza,Huesca
Veracruz,La Ribagorza,Huesca
Viacamp y Litera,La Ribagorza,Huesca
Villanova,La Ribagorza,Huesca
Albalatillo,Los Monegros,Huesca
Albero Bajo,Los Monegros,Huesca
Alberuela de Tubo,Los Monegros,Huesca
Alcubierre,Los Monegros,Huesca
La Almolda,Los Monegros,Zaragoza
Almuniente,Los Monegros,Huesca
Barbués,Los Monegros,Huesca
Bujaraloz,Los Monegros,Zaragoza
Capdesaso,Los Monegros,Huesca
Castejón de Monegros,Los Monegros,Huesca
Castelflorite,Los Monegros,Huesca
Farlete,Los Monegros,Zaragoza
Grañén,Los Monegros,Huesca
Huerto,Los Monegros,Huesca
Lalueza,Los Monegros,Huesca
Lanaja,Los Monegros,Huesca
Leciñena,Los Monegros,Zaragoza
Monegrillo,Los Monegros,Zaragoza
Perdiguera,Los Monegros,Zaragoza
Peñalba,Los Monegros,Huesca
Poleñino,Los Monegros,Huesca
Robres,Los Monegros,Huesca
Sangarrén,Los Monegros,Huesca
Sariñena,Los Monegros,Huesca
Sena,Los Monegros,Huesca
Senés de Alcubierre,Los Monegros,Huesca
Tardienta,Los Monegros,Huesca
Torralba de Aragón,Los Monegros,Huesca
Torres de Barbués,Los Monegros,Huesca
Valfarta,Los Monegros,Huesca
Villanueva de Sigena,Los Monegros,Huesca
Abizanda,Sobrarbe,Huesca
Aínsa-Sobrarbe,Sobrarbe,Huesca
Bielsa,Sobrarbe,Huesca
Boltaña,Sobrarbe,Huesca
Broto,Sobrarbe,Huesca
Bárcabo,Sobrarbe,Huesca
Fanlo,Sobrarbe,Huesca
Fiscal,Sobrarbe,Huesca
La Fueva,Sobrarbe,Huesca
Gistaín,Sobrarbe,Huesca
Labuerda,Sobrarbe,Huesca
Laspuña,Sobrarbe,Huesca
Palo,Sobrarbe,Huesca
Plan,Sobrarbe,Huesca
El Pueyo de Araguás,Sobrarbe,Huesca
Puértolas,Sobrarbe,Huesca
San Juan de Plan,Sobrarbe,Huesca
Tella-Sin,Sobrarbe,Huesca
Torla,Sobrarbe,Huesca
Abiego,Somontano de Barbastro,Huesca
Adahuesca,Somontano de Barbastro,Huesca
Alquézar,Somontano de Barbastro,Huesca
Azara,Somontano de Barbastro,Huesca
Azlor,Somontano de Barbastro,Huesca
Barbastro,Somontano de Barbastro,Huesca
Barbuñales,Somontano de Barbastro,Huesca
Berbegal,Somontano de Barbastro,Huesca
Bierge,Somontano de Barbastro,Huesca
Castejón del Puente,Somontano de Barbastro,Huesca
Castillazuelo,Somontano de Barbastro,Huesca
Colungo,Somontano de Barbastro,Huesca
Estada,Somontano de Barbastro,Huesca
Estadilla,Somontano de Barbastro,Huesca
El Grado,Somontano de Barbastro,Huesca
Hoz y Costeán,Somontano de Barbastro,
Ilche,Somontano de Barbastro,Huesca
Laluenga,Somontano de Barbastro,Huesca
Laperdiguera,Somontano de Barbastro,Huesca
Lascellas-Ponzano,Somontano de Barbastro,Huesca
Naval,Somontano de Barbastro,Huesca
Olvena,Somontano de Barbastro,Huesca
Peralta de Alcofea,Somontano de Barbastro,Huesca
Peraltilla,Somontano de Barbastro,Huesca
Pozán de Vero,Somontano de Barbastro,Huesca
Salas Altas,Somontano de Barbastro,Huesca
Salas Bajas,Somontano de Barbastro,Huesca
Santa María de Dulcis,Somontano de Barbastro,Huesca
Torres de Alcanadre,Somontano de Barbastro,Huesca
Aranda de Moncayo,Aranda,Zaragoza
Brea de Aragón,Aranda,Zaragoza
Calcena,Aranda,Zaragoza
Gotor,Aranda,Zaragoza
Illueca,Aranda,Zaragoza
Jarque,Aranda,Zaragoza
Mesones de Isuela,Aranda,Zaragoza
Oseja,Aranda,Zaragoza
Pomer,Aranda,Zaragoza
Purujosa,Aranda,Zaragoza
Sestrica,Aranda,Zaragoza
Tierga,Aranda,Zaragoza
Trasobares,Aranda,Zaragoza
Caspe,Bajo Aragón-Caspe / Baix Aragó-Casp,Zaragoza
Chiprana,Bajo Aragón-Caspe / Baix Aragó-Casp,Zaragoza
Fabara,Bajo Aragón-Caspe / Baix Aragó-Casp,Zaragoza
Fayón,Bajo Aragón-Caspe / Baix Aragó-Casp,Zaragoza
Maella,Bajo Aragón-Caspe / Baix Aragó-Casp,Zaragoza
Nonaspe,Bajo Aragón-Caspe / Baix Aragó-Casp,Zaragoza
Almochuel,Campo de Belchite,Zaragoza
Almonacid de la Cuba,Campo de Belchite,Zaragoza
Azuara,Campo de Belchite,Zaragoza
Belchite,Campo de Belchite,Zaragoza
Codo,Campo de Belchite,Zaragoza
Fuendetodos,Campo de Belchite,Zaragoza
Lagata,Campo de Belchite,Zaragoza
Letux,Campo de Belchite,Zaragoza
Lécera,Campo de Belchite,Zaragoza
Moneva,Campo de Belchite,Zaragoza
Moyuela,Campo de Belchite,Zaragoza
Plenas,Campo de Belchite,Zaragoza
Puebla de Albortón,Campo de Belchite,Zaragoza
Samper del Salz,Campo de Belchite,Zaragoza
Valmadrid,Campo de Belchite,Zaragoza
Agón,Campo de Borja,Zaragoza
Ainzón,Campo de Borja,Zaragoza
Alberite de San Juan,Campo de Borja,Zaragoza
Albeta,Campo de Borja,Zaragoza
Ambel,Campo de Borja,Zaragoza
Bisimbre,Campo de Borja,Zaragoza
Borja,Campo de Borja,Zaragoza
Bulbuente,Campo de Borja,Zaragoza
Bureta,Campo de Borja,Zaragoza
Fréscano,Campo de Borja,Zaragoza
Fuendejalón,Campo de Borja,Zaragoza
Magallón,Campo de Borja,Zaragoza
Maleján,Campo de Borja,Zaragoza
Mallén,Campo de Borja,Zaragoza
Novillas,Campo de Borja,Zaragoza
Pozuelo de Aragón,Campo de Borja,Zaragoza
Tabuenca,Campo de Borja,Zaragoza
Talamantes,Campo de Borja,Zaragoza
Aguarón,Campo de Cariñena,Zaragoza
Aguilón,Campo de Cariñena,Zaragoza
Aladrén,Campo de Cariñena,Zaragoza
Alfamén,Campo de Cariñena,Zaragoza
Cariñena,Campo de Cariñena,Zaragoza
Cosuenda,Campo de Cariñena,Zaragoza
Encinacorba,Campo de Cariñena,Zaragoza
Longares,Campo de Cariñena,Zaragoza
Mezalocha,Campo de Cariñena,Zaragoza
Muel,Campo de Cariñena,Zaragoza
Paniza,Campo de Cariñena,Zaragoza
Tosos,Campo de Cariñena,Zaragoza
Villanueva de Huerva,Campo de Cariñena,Zaragoza
Vistabella,Campo de Cariñena,Zaragoza
Acered,Campo de Daroca,Zaragoza
Aldehuela de Liestos,Campo de Daroca,Zaragoza
Anento,Campo de Daroca,Zaragoza
Atea,Campo de Daroca,Zaragoza
Badules,Campo de Daroca,Zaragoza
Balconchán,Campo de Daroca,Zaragoza
Berrueco,Campo de Daroca,Zaragoza
Cerveruela,Campo de Daroca,Zaragoza
Cubel,Campo de Daroca,Zaragoza
Las Cuerlas,Campo de Daroca,Zaragoza
Daroca,Campo de Daroca,Zaragoza
Fombuena,Campo de Daroca,Zaragoza
Gallocanta,Campo de Daroca,Zaragoza
Herrera de los Navarros,Campo de Daroca,Zaragoza
Langa del Castillo,Campo de Daroca,Zaragoza
Lechón,Campo de Daroca,Zaragoza
Luesma,Campo de Daroca,Zaragoza
Mainar,Campo de Daroca,Zaragoza
Manchones,Campo de Daroca,Zaragoza
Murero,Campo de Daroca,Zaragoza
Nombrevilla,Campo de Daroca,Zaragoza
Orcajo,Campo de Daroca,Zaragoza
Retascón,Campo de Daroca,Zaragoza
Romanos,Campo de Daroca,Zaragoza
Santed,Campo de Daroca,Zaragoza
Torralba de los Frailes,Campo de Daroca,Zaragoza
Torralbilla,Campo de Daroca,Zaragoza
Used,Campo de Daroca,Zaragoza
Val de San Martín,Campo de Daroca,Zaragoza
Valdehorna,Campo de Daroca,Zaragoza
Villadoz,Campo de Daroca,Zaragoza
Villanueva de Jiloca,Campo de Daroca,Zaragoza
Villar de los Navarros,Campo de Daroca,Zaragoza
Villarreal de Huerva,Campo de Daroca,Zaragoza
Villarroya del Campo,Campo de Daroca,Zaragoza
Ardisa,Cinco Villas,Zaragoza
Asín,Cinco Villas,Zaragoza
Bagüés,Cinco Villas,Zaragoza
Biel,Cinco Villas,Zaragoza
Biota,Cinco Villas,Zaragoza
Castejón de Valdejasa,Cinco Villas,Zaragoza
Castiliscar,Cinco Villas,Zaragoza
Ejea de los Caballeros,Cinco Villas,Zaragoza
Erla,Cinco Villas,Zaragoza
El Frago,Cinco Villas,Zaragoza
Isuerre,Cinco Villas,Zaragoza
Layana,Cinco Villas,Zaragoza
Lobera de Onsella,Cinco Villas,Zaragoza
Longás,Cinco Villas,Zaragoza
Luesia,Cinco Villas,Zaragoza
Luna,Cinco Villas,Zaragoza
Marracos,Cinco Villas,Zaragoza
Navardún,Cinco Villas,Zaragoza
Orés,Cinco Villas,Zaragoza
Las Pedrosas,Cinco Villas,Zaragoza
Piedratajada,Cinco Villas,Zaragoza
Los Pintanos,Cinco Villas,Zaragoza
Puendeluna,Cinco Villas,Zaragoza
Sierra de Luna,Cinco Villas,Zaragoza
Sos del Rey Católico,Cinco Villas,Zaragoza
Sádaba,Cinco Villas,Zaragoza
Tauste,Cinco Villas,Zaragoza
Uncastillo,Cinco Villas,Zaragoza
Undués de Lerda,Cinco Villas,Zaragoza
Urriés,Cinco Villas,Zaragoza
Valpalmas,Cinco Villas,Zaragoza
Abanto,Comunidad de Calatayud,Zaragoza
Alarba,Comunidad de Calatayud,Zaragoza
Alconchel de Ariza,Comunidad de Calatayud,Zaragoza
Alhama de Aragón,Comunidad de Calatayud,Zaragoza
Aniñón,Comunidad de Calatayud,Zaragoza
Ariza,Comunidad de Calatayud,Zaragoza
Arándiga,Comunidad de Calatayud,Zaragoza
Ateca,Comunidad de Calatayud,Zaragoza
Belmonte de Gracián,Comunidad de Calatayud,Zaragoza
Berdejo,Comunidad de Calatayud,Zaragoza
Bijuesca,Comunidad de Calatayud,Zaragoza
Bordalba,Comunidad de Calatayud,Zaragoza
Bubierca,Comunidad de Calatayud,Zaragoza
Cabolafuente,Comunidad de Calatayud,Zaragoza
Calatayud,Comunidad de Calatayud,Zaragoza
Calmarza,Comunidad de Calatayud,Zaragoza
Campillo de Aragón,Comunidad de Calatayud,Zaragoza
Carenas,Comunidad de Calatayud,Zaragoza
Castejón de Alarba,Comunidad de Calatayud,Zaragoza
Castejón de las Armas,Comunidad de Calatayud,Zaragoza
Cervera de la Cañada,Comunidad de Calatayud,Zaragoza
Cetina,Comunidad de Calatayud,Zaragoza
Cimballa,Comunidad de Calatayud,Zaragoza
Clarés de Ribota,Comunidad de Calatayud,Zaragoza
Codos,Comunidad de Calatayud,Zaragoza
Contamina,Comunidad de Calatayud,Zaragoza
Embid de Ariza,Comunidad de Calatayud,Zaragoza
El Frasno,Comunidad de Calatayud,Zaragoza
Fuentes de Jiloca,Comunidad de Calatayud,Zaragoza
Godojos,Comunidad de Calatayud,Zaragoza
Ibdes,Comunidad de Calatayud,Zaragoza
Jaraba,Comunidad de Calatayud,Zaragoza
Malanquilla,Comunidad de Calatayud,Zaragoza
Maluenda,Comunidad de Calatayud,Zaragoza
Mara,Comunidad de Calatayud,Zaragoza
Miedes de Aragón,Comunidad de Calatayud,Zaragoza
Monreal de Ariza,Comunidad de Calatayud,Zaragoza
Monterde,Comunidad de Calatayud,Zaragoza
Montón,Comunidad de Calatayud,Zaragoza
Morata de Jiloca,Comunidad de Calatayud,Zaragoza
Moros,Comunidad de Calatayud,Zaragoza
Morés,Comunidad de Calatayud,Zaragoza
Munébrega,Comunidad de Calatayud,Zaragoza
Nigüella,Comunidad de Calatayud,Zaragoza
Nuévalos,Comunidad de Calatayud,Zaragoza
Olvés,Comunidad de Calatayud,Zaragoza
Orera,Comunidad de Calatayud,Zaragoza
Paracuellos de Jiloca,Comunidad de Calatayud,Zaragoza
Paracuellos de la Ribera,Comunidad de Calatayud,Zaragoza
Pozuel de Ariza,Comunidad de Calatayud,Zaragoza
Ruesca,Comunidad de Calatayud,Zaragoza
Saviñán,Comunidad de Calatayud,
Sediles,Comunidad de Calatayud,Zaragoza
Sisamón,Comunidad de Calatayud,Zaragoza
Terrer,Comunidad de Calatayud,Zaragoza
Tobed,Comunidad de Calatayud,Zaragoza
Torralba de Ribota,Comunidad de Calatayud,Zaragoza
Torrehermosa,Comunidad de Calatayud,Zaragoza
Torrelapaja,Comunidad de Calatayud,Zaragoza
Torrijo de la Cañada,Comunidad de Calatayud,Zaragoza
Valtorres,Comunidad de Calatayud,Zaragoza
Velilla de Jiloca,Comunidad de Calatayud,Zaragoza
Villafeliche,Comunidad de Calatayud,Zaragoza
Villalba de Perejil,Comunidad de Calatayud,Zaragoza
Villalengua,Comunidad de Calatayud,Zaragoza
Villarroya de la Sierra,Comunidad de Calatayud,Zaragoza
La Vilueña,Comunidad de Calatayud,Zaragoza
Alfajarín,D.C. Zaragoza,Zaragoza
Botorrita,D.C. Zaragoza,Zaragoza
El Burgo de Ebro,D.C. Zaragoza,Zaragoza
Cadrete,D.C. Zaragoza,Zaragoza
Cuarte de Huerva,D.C. Zaragoza,Zaragoza
Fuentes de Ebro,D.C. Zaragoza,Zaragoza
Jaulín,D.C. Zaragoza,Zaragoza
María de Huerva,D.C. Zaragoza,Zaragoza
Mediana de Aragón,D.C. Zaragoza,Zaragoza
Mozota,D.C. Zaragoza,Zaragoza
Nuez de Ebro,D.C. Zaragoza,Zaragoza
Osera de Ebro,D.C. Zaragoza,Zaragoza
Pastriz,D.C. Zaragoza,Zaragoza
La Puebla de Alfindén,D.C. Zaragoza,Zaragoza
San Mateo de Gállego,D.C. Zaragoza,Zaragoza
Utebo,D.C. Zaragoza,Zaragoza
Villafranca de Ebro,D.C. Zaragoza,Zaragoza
Villamayor de Gállego,D.C. Zaragoza,Zaragoza
Villanueva de Gállego,D.C. Zaragoza,Zaragoza
Zaragoza,D.C. Zaragoza,Zaragoza
Zuera,D.C. Zaragoza,Zaragoza
Alagón,Ribera Alta del Ebro,Zaragoza
Alcalá de Ebro,Ribera Alta del Ebro,Zaragoza
Boquiñeni,Ribera Alta del Ebro,Zaragoza
Bárboles,Ribera Alta del Ebro,Zaragoza
Cabañas de Ebro,Ribera Alta del Ebro,Zaragoza
Figueruelas,Ribera Alta del Ebro,Zaragoza
Gallur,Ribera Alta del Ebro,Zaragoza
Grisén,Ribera Alta del Ebro,Zaragoza
La Joyosa,Ribera Alta del Ebro,Zaragoza
Luceni,Ribera Alta del Ebro,Zaragoza
Pedrola,Ribera Alta del Ebro,Zaragoza
Pinseque,Ribera Alta del Ebro,Zaragoza
Pleitas,Ribera Alta del Ebro,Zaragoza
Pradilla de Ebro,Ribera Alta del Ebro,Zaragoza
Remolinos,Ribera Alta del Ebro,Zaragoza
Sobradiel,Ribera Alta del Ebro,Zaragoza
Torres de Berrellén,Ribera Alta del Ebro,Zaragoza
Alborge,Ribera Baja del Ebro,Zaragoza
Alforque,Ribera Baja del Ebro,Zaragoza
Cinco Olivas,Ribera Baja del Ebro,Zaragoza
Escatrón,Ribera Baja del Ebro,Zaragoza
Gelsa,Ribera Baja del Ebro,Zaragoza
Pina de Ebro,Ribera Baja del Ebro,Zaragoza
Quinto,Ribera Baja del Ebro,Zaragoza
Sástago,Ribera Baja del Ebro,Zaragoza
Velilla de Ebro,Ribera Baja del Ebro,Zaragoza
La Zaida,Ribera Baja del Ebro,Zaragoza
Alcalá de Moncayo,Tarazona y el Moncayo,Zaragoza
Añón de Moncayo,Tarazona y el Moncayo,Zaragoza
El Buste,Tarazona y el Moncayo,Zaragoza
Los Fayos,Tarazona y el Moncayo,Zaragoza
Grisel,Tarazona y el Moncayo,Zaragoza
Litago,Tarazona y el Moncayo,Zaragoza
Lituénigo,Tarazona y el Moncayo,Zaragoza
Malón,Tarazona y el Moncayo,Zaragoza
Novallas,Tarazona y el Moncayo,Zaragoza
San Martín de la Virgen de Moncayo,Tarazona y el Moncayo,Zaragoza
Santa Cruz de Moncayo,Tarazona y el Moncayo,Zaragoza
Tarazona,Tarazona y el Moncayo,Zaragoza
Torrellas,Tarazona y el Moncayo,Zaragoza
Trasmoz,Tarazona y el Moncayo,Zaragoza
Vera de Moncayo,Tarazona y el Moncayo,Zaragoza
Vierlas,Tarazona y el Moncayo,Zaragoza
Almonacid de la Sierra,Valdejalón,Zaragoza
La Almunia de Doña Godina,Valdejalón,Zaragoza
Alpartir,Valdejalón,Zaragoza
Bardallur,Valdejalón,Zaragoza
Calatorao,Valdejalón,Zaragoza
Chodes,Valdejalón,Zaragoza
Lucena de Jalón,Valdejalón,Zaragoza
Lumpiaque,Valdejalón,Zaragoza
Morata de Jalón,Valdejalón,Zaragoza
La Muela,Valdejalón,Zaragoza
Plasencia de Jalón,Valdejalón,Zaragoza
Ricla,Valdejalón,Zaragoza
Rueda de Jalón,Valdejalón,Zaragoza
Salillas de Jalón,Valdejalón,Zaragoza
Santa Cruz de Grío,Valdejalón,Zaragoza
Urrea de Jalón,Valdejalón,Zaragoza
Épila,Valdejalón,Zaragoza
Alacón,Andorra-Sierra de Arcos,Teruel
Alloza,Andorra-Sierra de Arcos,Teruel
Andorra,Andorra-Sierra de Arcos,Teruel
Ariño,Andorra-Sierra de Arcos,Teruel
Crivillén,Andorra-Sierra de Arcos,Teruel
Ejulve,Andorra-Sierra de Arcos,Teruel
Estercuel,Andorra-Sierra de Arcos,Teruel
Gargallo,Andorra-Sierra de Arcos,Teruel
Oliete,Andorra-Sierra de Arcos,Teruel
Aguaviva,Bajo Aragón,Teruel
Alcañiz,Bajo Aragón,Teruel
Alcorisa,Bajo Aragón,Teruel
Belmonte de San José,Bajo Aragón,Teruel
Berge,Bajo Aragón,Teruel
Calanda,Bajo Aragón,Teruel
Castelserás,Bajo Aragón,Teruel
La Cañada de Verich,Bajo Aragón,Teruel
La Cerollera,Bajo Aragón,Teruel
La Codoñera,Bajo Aragón,Teruel
Foz-Calanda,Bajo Aragón,Teruel
La Ginebrosa,Bajo Aragón,Teruel
Mas de las Matas,Bajo Aragón,Teruel
La Mata de los Olmos,Bajo Aragón,Teruel
Los Olmos,Bajo Aragón,Teruel
Las Parras de Castellote,Bajo Aragón,Teruel
Seno,Bajo Aragón,Teruel
Torrecilla de Alcañiz,Bajo Aragón,Teruel
Torrevelilla,Bajo Aragón,Teruel
Valdealgorfa,Bajo Aragón,Teruel
Albalate del Arzobispo,Bajo Martín,Teruel
Azaila,Bajo Martín,Teruel
Castelnou,Bajo Martín,Teruel
Híjar,Bajo Martín,Teruel
Jatiel,Bajo Martín,Teruel
La Puebla de Híjar,Bajo Martín,Teruel
Samper de Calanda,Bajo Martín,Teruel
Urrea de Gaén,Bajo Martín,Teruel
Vinaceite,Bajo Martín,Teruel
Ababuj,Comunidad de Teruel,Teruel
Aguatón,Comunidad de Teruel,Teruel
Aguilar del Alfambra,Comunidad de Teruel,Teruel
Alba,Comunidad de Teruel,Teruel
Alfambra,Comunidad de Teruel,Teruel
Almohaja,Comunidad de Teruel,Teruel
Alobras,Comunidad de Teruel,Teruel
Alpeñés,Comunidad de Teruel,Teruel
Argente,Comunidad de Teruel,Teruel
Camarillas,Comunidad de Teruel,Teruel
Camañas,Comunidad de Teruel,Teruel
Cascante del Río,Comunidad de Teruel,Teruel
Cañada Vellida,Comunidad de Teruel,Teruel
Cedrillas,Comunidad de Teruel,Teruel
Celadas,Comunidad de Teruel,Teruel
Cella,Comunidad de Teruel,Teruel
Corbalán,Comunidad de Teruel,Teruel
Cubla,Comunidad de Teruel,Teruel
El Cuervo,Comunidad de Teruel,Teruel
Cuevas Labradas,Comunidad de Teruel,Teruel
Escorihuela,Comunidad de Teruel,Teruel
Fuentes Calientes,Comunidad de Teruel,Teruel
Galve,Comunidad de Teruel,Teruel
Jorcas,Comunidad de Teruel,Teruel
Libros,Comunidad de Teruel,Teruel
Lidón,Comunidad de Teruel,Teruel
Monteagudo del Castillo,Comunidad de Teruel,Teruel
Orrios,Comunidad de Teruel,Teruel
Pancrudo,Comunidad de Teruel,Teruel
Peralejos,Comunidad de Teruel,Teruel
Perales del Alfambra,Comunidad de Teruel,Teruel
El Pobo,Comunidad de Teruel,Teruel
Rillo,Comunidad de Teruel,Teruel
Riodeva,Comunidad de Teruel,Teruel
Santa Eulalia,Comunidad de Teruel,Teruel
Teruel,Comunidad de Teruel,Teruel
Tormón,Comunidad de Teruel,Teruel
Torrelacárcel,Comunidad de Teruel,Teruel
Torremocha de Jiloca,Comunidad de Teruel,Teruel
Tramacastiel,Comunidad de Teruel,Teruel
Valacloche,Comunidad de Teruel,Teruel
Veguillas de la Sierra,Comunidad de Teruel,Teruel
Villarquemado,Comunidad de Teruel,Teruel
Villastar,Comunidad de Teruel,Teruel
Villel,Comunidad de Teruel,Teruel
Visiedo,Comunidad de Teruel,Teruel
Alcaine,Cuencas Mineras,Teruel
Aliaga,Cuencas Mineras,Teruel
Anadón,Cuencas Mineras,Teruel
Blesa,Cuencas Mineras,Teruel
Castel de Cabra,Cuencas Mineras,Teruel
Cañizar del Olivar,Cuencas Mineras,Teruel
Cortes de Aragón,Cuencas Mineras,Teruel
Cuevas de Almudén,Cuencas Mineras,Teruel
Escucha,Cuencas Mineras,Teruel
Fuenferrada,Cuencas Mineras,Teruel
Hinojosa de Jarque,Cuencas Mineras,Teruel
La Hoz de la Vieja,Cuencas Mineras,Teruel
Huesa del Común,Cuencas Mineras,Teruel
Jarque de la Val,Cuencas Mineras,Teruel
Josa,Cuencas Mineras,Teruel
Maicas,Cuencas Mineras,Teruel
Martín del Río,Cuencas Mineras,Teruel
Mezquita de Jarque,Cuencas Mineras,Teruel
Montalbán,Cuencas Mineras,Teruel
Muniesa,Cuencas Mineras,Teruel
Obón,Cuencas Mineras,Teruel
Palomar de Arroyos,Cuencas Mineras,Teruel
Plou,Cuencas Mineras,Teruel
Salcedillo,Cuencas Mineras,Teruel
Segura de los Baños,Cuencas Mineras,Teruel
Torre de las Arcas,Cuencas Mineras,Teruel
Utrillas,Cuencas Mineras,Teruel
Villanueva del Rebollar de la Sierra,Cuencas Mineras,Teruel
Vivel del Río Martín,Cuencas Mineras,Teruel
La Zoma,Cuencas Mineras,Teruel
Abejuela,Gúdar-Javalambre,Teruel
Albentosa,Gúdar-Javalambre,Teruel
Alcalá de la Selva,Gúdar-Javalambre,Teruel
Arcos de las Salinas,Gúdar-Javalambre,Teruel
Cabra de Mora,Gúdar-Javalambre,Teruel
Camarena de la Sierra,Gúdar-Javalambre,Teruel
El Castellar,Gúdar-Javalambre,Teruel
Formiche Alto,Gúdar-Javalambre,Teruel
Fuentes de Rubielos,Gúdar-Javalambre,Teruel
Gúdar,Gúdar-Javalambre,Teruel
Linares de Mora,Gúdar-Javalambre,Teruel
Manzanera,Gúdar-Javalambre,Teruel
Mora de Rubielos,Gúdar-Javalambre,Teruel
Mosqueruela,Gúdar-Javalambre,Teruel
Nogueruelas,Gúdar-Javalambre,Teruel
Olba,Gúdar-Javalambre,Teruel
La Puebla de Valverde,Gúdar-Javalambre,Teruel
Puertomingalvo,Gúdar-Javalambre,Teruel
Rubielos de Mora,Gúdar-Javalambre,Teruel
San Agustín,Gúdar-Javalambre,Teruel
Sarrión,Gúdar-Javalambre,Teruel
Torrijas,Gúdar-Javalambre,Teruel
Valbona,Gúdar-Javalambre,Teruel
Valdelinares,Gúdar-Javalambre,Teruel
Allueva,Jiloca,Teruel
Barrachina,Jiloca,Teruel
Bañón,Jiloca,Teruel
Bea,Jiloca,Teruel
Bello,Jiloca,Teruel
Blancas,Jiloca,Teruel
Bueña,Jiloca,Teruel
Burbáguena,Jiloca,Teruel
Bádenas,Jiloca,Teruel
Báguena,Jiloca,Teruel
Calamocha,Jiloca,Teruel
Caminreal,Jiloca,Teruel
Castejón de Tornos,Jiloca,Teruel
Cosa,Jiloca,Teruel
Cucalón,Jiloca,Teruel
Ferreruela de Huerva,Jiloca,Teruel
Fonfría,Jiloca,Teruel
Fuentes Claras,Jiloca,Teruel
Lagueruela,Jiloca,Teruel
Lanzuela,Jiloca,Teruel
Loscos,Jiloca,Teruel
Monforte de Moyuela,Jiloca,Teruel
Monreal del Campo,Jiloca,Teruel
Nogueras,Jiloca,Teruel
Odón,Jiloca,Teruel
Ojos Negros,Jiloca,Teruel
Peracense,Jiloca,Teruel
Pozuel del Campo,Jiloca,Teruel
Rubielos de la Cérida,Jiloca,Teruel
San Martín del Río,Jiloca,Teruel
Santa Cruz de Nogueras,Jiloca,Teruel
Singra,Jiloca,Teruel
Tornos,Jiloca,Teruel
Torralba de los Sisones,Jiloca,Teruel
Torre los Negros,Jiloca,Teruel
Torrecilla del Rebollar,Jiloca,Teruel
Torrijo del Campo,Jiloca,Teruel
Villafranca del Campo,Jiloca,Teruel
Villahermosa del Campo,Jiloca,Teruel
Villar del Salz,Jiloca,Teruel
Allepuz,Maestrazgo,Teruel
Bordón,Maestrazgo,Teruel
Cantavieja,Maestrazgo,Teruel
Castellote,Maestrazgo,Teruel
Cañada de Benatanduz,Maestrazgo,Teruel
La Cuba,Maestrazgo,Teruel
Fortanete,Maestrazgo,Teruel
La Iglesuela del Cid,Maestrazgo,Teruel
Mirambel,Maestrazgo,Teruel
Miravete de la Sierra,Maestrazgo,Teruel
Molinos,Maestrazgo,Teruel
Pitarque,Maestrazgo,Teruel
Tronchón,Maestrazgo,Teruel
Villarluengo,Maestrazgo,Teruel
Villarroya de los Pinares,Maestrazgo,Teruel
Arens de Lledó,Matarraña / Matarranya,Teruel
Beceite,Matarraña / Matarranya,Teruel
Calaceite,Matarraña / Matarranya,Teruel
Cretas,Matarraña / Matarranya,Teruel
La Fresneda,Matarraña / Matarranya,Teruel
Fuentespalda,Matarraña / Matarranya,Teruel
Fórnoles,Matarraña / Matarranya,Teruel
Lledó,Matarraña / Matarranya,Teruel
Mazaleón,Matarraña / Matarranya,Teruel
Monroyo,Matarraña / Matarranya,Teruel
Peñarroya de Tastavins,Matarraña / Matarranya,Teruel
La Portellada,Matarraña / Matarranya,Teruel
Ráfales,Matarraña / Matarranya,Teruel
Torre de Arcas,Matarraña / Matarranya,Teruel
Torre del Compte,Matarraña / Matarranya,Teruel
Valdeltormo,Matarraña / Matarranya,Teruel
Valderrobres,Matarraña / Matarranya,Teruel
Valjunquera,Matarraña / Matarranya,Teruel
Albarracín,Sierra de Albarracín,Teruel
Bezas,Sierra de Albarracín,Teruel
Bronchales,Sierra de Albarracín,Teruel
Calomarde,Sierra de Albarracín,Teruel
Frías de Albarracín,Sierra de Albarracín,Teruel
Gea de Albarracín,Sierra de Albarracín,Teruel
Griegos,Sierra de Albarracín,Teruel
Guadalaviar,Sierra de Albarracín,Teruel
Jabaloyas,Sierra de Albarracín,Teruel
Monterde de Albarracín,Sierra de Albarracín,Teruel
Moscardón,Sierra de Albarracín,Teruel
Noguera de Albarracín,Sierra de Albarracín,Teruel
Orihuela del Tremedal,Sierra de Albarracín,Teruel
Pozondón,Sierra de Albarracín,Teruel
Royuela,Sierra de Albarracín,Teruel
Rubiales,Sierra de Albarracín,Teruel
Ródenas,Sierra de Albarracín,Teruel
Saldón,Sierra de Albarracín,Teruel
Terriente,Sierra de Albarracín,Teruel
Toril y Masegoso,Sierra de Albarracín,Teruel
Torres de Albarracín,Sierra de Albarracín,Teruel
Tramacastilla,Sierra de Albarracín,Teruel
Valdecuenca,Sierra de Albarracín,Teruel
El Vallecillo,Sierra de Albarracín,Teruel
Villar del Cobo,Sierra de Albarracín,Teruel
